{"pa_0000": {"title_embedding": [-0.009868, -0.03056, 0.105579, 0.030702, -0.387305, 0.184272, 0.052742, -0.167114, -0.046484, -0.07202, -0.071065, -0.04039, -0.126748, 0.051678, -0.103562, 0.193561, 0.279771, 0.268175, -0.021751, 0.095897, 0.086832, -0.152434, -0.308433, -0.00406, 0.200895, -0.084145, 0.187357, 0.066562, 0.16538, -0.015999, -0.397659, 0.364362], "image_embedding": [-0.03929, 0.217278, 0.061031, -0.089241, -0.077869, 0.249445, -0.033429, -0.377369, 0.221898, -0.057492, -0.414747, -0.110364, -0.081927, 0.057052, -0.063709, 0.103199, -0.087927, 0.11615, -0.209171, -0.16066, 0.214382, -0.138419, 0.109949, -0.178938, -0.239448, 0.050704, -0.258819, -0.083674, 0.313082, -0.091395, -0.153246, 0.050658]}, "pb_0000": {"title_embedding": [0.157545, 0.105492, -0.110771, 0.089269, -0.041984, -0.021921, 0.352751, 0.054216, 0.216237, 0.016349, 0.071996, 0.056907, -0.149535, -0.012877, 0.017923, -0.137733, -0.034337, -0.193093, 0.171493, 0.142243, -0.056912, 0.018809, -0.133184, -0.523838, 0.129268, -0.167702, 0.021881, -0.154103, 0.223381, 0.157402, 0.238352, 0.364059], "image_embedding": [-0.160064, 0.091941, 0.314729, 0.048598, -0.192502, 0.103913, 0.120511, -0.273394, -0.196493, -0.038639, -0.053813, 0.099765, -0.359665, 0.362722, 0.044233, -0.084685, -0.003079, 0.200672, -0.212789, -0.043251, 0.007834, 0.0633, -0.296585, -0.110266, -0.166487, -0.188297, -0.010267, -0.293238, 0.02367, -0.200766, -0.120215, 0.090436]}, "pa_0001": {"title_embedding": [0.087812, -0.067264, -0.336642, 0.126258, 0.266767, -0.108433, 0.057877, 0.224338, -0.07463, -0.240737, -0.157791, -0.16692, -0.014831, 0.05717, -0.049009, -0.242211, 0.313815, -0.006776, 0.346241, 0.114778, 0.076653, -0.16165, 0.168749, -0.151196, -0.162912, 0.254303, 0.220713, -0.153751, -0.011799, 0.025206, -0.108806, 0.223499], "image_embedding": [-0.162091, -0.155189, -0.29275, -0.243027, 0.330936, -0.112328, -0.03131, -0.086804, -0.018108, 0.11121, -0.025564, -0.114979, -0.061837, -0.140528, 0.135756, 0.2272