{
  "product_id": "pa_0000",
  "title_embedding_head": [
    0.097103,
    -0.021575,
    0.09749,
    0.007257,
    -0.021986,
    0.254894
  ],
  "image_embedding_head": [
    0.047395,
    0.039174,
    0.077943,
    0.047813,
    0.078779,
    0.30066
  ]
}