{
  "product_id": "pa_0000",
  "title_embedding_head": [
    -0.125182,
    0.155095,
    0.031284,
    -0.110822,
    0.097013,
    -0.148093
  ],
  "image_embedding_head": [
    -0.134379,
    0.177977,
    -0.012965,
    -0.315732,
    0.079236,
    -0.098369
  ]
}